path,title,description
"en/about.html","About Doctor Italy 24/7 | Private Medical Team in Italy","Meet our private medical team in Italy and learn how we provide reliable, multilingual care for residents, expats, and travelers."
"en/aesthetic-consultation-italy.html","Aesthetic Consultation in Italy | Physician Assessment | Doctor Italy 24/7","Book an aesthetic consultation in Italy for a physician-led assessment, realistic treatment plan, and medically safe care pathway."
"en/aesthetic-regenerative-medicine-italy.html","Aesthetic and Regenerative Medicine in Italy | Medical Care | Doctor Italy 24/7","Access physician-led aesthetic and regenerative medicine in Italy with personalized plans, clinical safety, and follow-up support."
"en/anti-aging-skin-rejuvenation-italy.html","Anti Aging and Skin Rejuvenation in Italy | Medical Approach | Doctor Italy 24/7","Discover anti aging and skin rejuvenation treatments in Italy with physician oversight, personalized protocols, and natural results."
"en/book-a-visit.html","Book a Private Doctor Visit in Italy | Fast Confirmation | Doctor Italy 24/7","Book a private doctor visit in Italy online and receive fast confirmation for home visits, hotel visits, telemedicine, or diagnostics."
"en/contact.html","Contact Private Doctor in Italy | 24/7 Medical Support | Doctor Italy 24/7","Contact Doctor Italy 24/7 for urgent private medical assistance in Italy by phone, WhatsApp, or email. Fast multilingual response."
"en/diagnostic-testing.html","Diagnostics and Testing in Italy | Private Medical Support | Doctor Italy 24/7","Arrange diagnostic testing in Italy with private medical guidance, clear interpretation, and follow-up planning for travelers and residents."
"en/doctor-florence.html","Private Doctor in Florence | Hotel and Home Visits 24/7 | Doctor Italy 24/7","Private doctor in Florence, Italy with urgent support, hotel and home visits, telemedicine, diagnostics, and multilingual assistance."
"en/doctor-hotel-florence.html","Doctor Visit to Your Hotel in Florence | Private Care | Doctor Italy 24/7","Arrange a private doctor visit to your hotel in Florence, Italy with multilingual support, rapid coordination, and follow-up planning."
"en/doctor-hotel-milan.html","Doctor Visit to Your Hotel in Milan | Private Care | Doctor Italy 24/7","Arrange a private doctor visit to your hotel in Milan, Italy with multilingual support, rapid coordination, and follow-up planning."
"en/doctor-milan.html","Private Doctor in Milan | Hotel and Home Visits 24/7 | Doctor Italy 24/7","Private doctor in Milan, Italy with urgent support, hotel and home visits, telemedicine, diagnostics, and multilingual assistance."
"en/english-speaking-doctor-florence.html","English Speaking Doctor in Florence | Private Medical Care | Doctor Italy 24/7","Book an English speaking doctor in Florence, Italy for hotel visits, home visits, telemedicine, and same day multilingual support."
"en/english-speaking-doctor-milan.html","English Speaking Doctor in Milan | Private Medical Care | Doctor Italy 24/7","Book an English speaking doctor in Milan, Italy for hotel visits, home visits, telemedicine, and same day multilingual support."
"en/first-aid-training-florence.html","First Aid Training in Florence | Certified Company Courses | Doctor Italy 24/7","Certified workplace first aid training in Florence for companies and hospitality teams with practical emergency simulations."
"en/first-aid-training-italy.html","First Aid Training in Italy for Companies | Certified Courses | Doctor Italy 24/7","Certified first aid training in Italy for companies, hotels, schools, and event teams with practical simulations and refresher modules."
"en/first-aid-training-milan.html","First Aid Training in Milan | Certified Company Courses | Doctor Italy 24/7","Certified workplace first aid training in Milan for companies and hospitality teams with practical emergency simulations."
"en/home-doctor-italy.html","Home and Hotel Doctor Visits in Italy | 24/7 | Doctor Italy 24/7","Book a private doctor for home and hotel visits in Italy with fast response, multilingual assistance, and coordinated follow-up care."
"en/how-it-works.html","How Private Medical Care Works in Italy | Doctor Italy 24/7","Learn how to book private medical care in Italy, from first contact to doctor visit, telemedicine, and follow-up support."
"en/index.html","Doctor Italy 24/7 | English-Speaking Doctors & Home Visits in Italy","24/7 private doctors across Italy. English-speaking doctors for home visits, hotels, and travelers. Fast medical care in Rome, Milan, Florence and more."
"en/leave-review.html","Leave a Review | Doctor Italy 24/7","Share your experience with Doctor Italy 24/7. All reviews are moderated before publication."
"en/medical-certificates.html","Medical Certificates in Italy | Private Doctor Documents | Doctor Italy 24/7","Request medical certificates and clinical documentation in Italy through licensed doctors, with fast issuing and practical support."
"en/non-surgical-aesthetic-treatments-italy.html","Non Surgical Aesthetic Treatments in Italy | Physician Led | Doctor Italy 24/7","Review non surgical aesthetic treatments in Italy guided by licensed doctors with personalized recommendations and medical safety."
"en/preventive-checkups.html","Preventive Checkups in Italy | Private Preventive Care | Doctor Italy 24/7","Plan preventive medical checkups in Italy to monitor your health, identify risks early, and receive personalized medical guidance."
"en/regenerative-medicine-italy.html","Regenerative Medicine in Italy | Personalized Medical Plans | Doctor Italy 24/7","Explore regenerative medicine options in Italy with medical evaluation, tailored treatment planning, and continuity of care."
"en/services.html","Medical Services in Italy | Private Doctor 24/7 | Doctor Italy 24/7","Explore private medical services in Italy, including urgent visits, telemedicine, diagnostics, preventive care, and multilingual support for residents and travelers."
"en/telemedicine.html","Telemedicine in Italy | Online Doctor Consultations | Doctor Italy 24/7","Get secure telemedicine consultations in Italy for non-emergency symptoms, follow-ups, and medical advice with multilingual doctors."
"en/urgent-doctor-florence.html","Urgent Doctor in Florence | Fast Private Medical Assistance | Doctor Italy 24/7","Request an urgent private doctor in Florence, Italy for rapid triage, hotel and home visits, telemedicine, and coordinated follow-up."
"en/urgent-doctor-milan.html","Urgent Doctor in Milan | Fast Private Medical Assistance | Doctor Italy 24/7","Request an urgent private doctor in Milan, Italy for rapid triage, hotel and home visits, telemedicine, and coordinated follow-up."
"en/wellness-specialty.html","Wellness and Specialty Care in Italy | Private Medical Team | Doctor Italy 24/7","Access wellness and specialty medical care in Italy with coordinated consultations, preventive planning, and personalized support."
"it/about.html","Chi Siamo | Team Medico Privato in Italia | Doctor Italy 24/7","Conosci il nostro team medico privato in Italia e scopri come offriamo assistenza affidabile e multilingue a residenti e viaggiatori."
"it/aesthetic-consultation-italy.html","Consulenza Estetica in Italia | Valutazione Medica | Doctor Italy 24/7","Prenota una consulenza estetica in Italia con valutazione medica, obiettivi realistici e piano terapeutico sicuro."
"it/aesthetic-regenerative-medicine-italy.html","Medicina Estetica e Rigenerativa in Italia | Approccio Medico | Doctor Italy 24/7","Accedi a percorsi di medicina estetica e rigenerativa in Italia con valutazione medica, piani personalizzati e follow-up."
"it/anti-aging-skin-rejuvenation-italy.html","Anti Age e Ringiovanimento Pelle in Italia | Approccio Medico | Doctor Italy 24/7","Scopri trattamenti anti age e ringiovanimento pelle in Italia con supervisione medica, protocolli personalizzati e risultati naturali."
"it/book-a-visit.html","Prenota una Visita Medica Privata in Italia | Conferma Rapida | Doctor Italy 24/7","Prenota online una visita medica privata in Italia e ricevi conferma rapida per visite a domicilio, in hotel, telemedicina o diagnostica."
"it/contact.html","Contatti Medico Privato in Italia | Supporto Medico 24/7 | Doctor Italy 24/7","Contatta Doctor Italy 24/7 per assistenza medica privata urgente in Italia via telefono, WhatsApp o email con risposta rapida."
"it/diagnostic-testing.html","Diagnostica e Analisi in Italia | Supporto Medico Privato | Doctor Italy 24/7","Organizza analisi e diagnostica in Italia con guida medica privata, interpretazione chiara dei risultati e piano di follow-up."
"it/doctor-florence.html","Medico Privato a Firenze | Visite a Domicilio e in Hotel 24/7 | Doctor Italy 24/7","Medico privato a Firenze, Italia con supporto urgente, visite in hotel e a domicilio, telemedicina, diagnostica e assistenza multilingue."
"it/doctor-hotel-florence.html","Visita Medica in Hotel a Firenze | Assistenza Privata | Doctor Italy 24/7","Organizza una visita medica privata in hotel a Firenze, Italia con supporto multilingue, coordinamento rapido e follow-up."
"it/doctor-hotel-milan.html","Visita Medica in Hotel a Milano | Assistenza Privata | Doctor Italy 24/7","Organizza una visita medica privata in hotel a Milano, Italia con supporto multilingue, coordinamento rapido e follow-up."
"it/doctor-milan.html","Medico Privato a Milano | Visite a Domicilio e in Hotel 24/7 | Doctor Italy 24/7","Medico privato a Milano, Italia con supporto urgente, visite in hotel e a domicilio, telemedicina, diagnostica e assistenza multilingue."
"it/english-speaking-doctor-florence.html","Medico che Parla Inglese a Firenze | Assistenza Privata | Doctor Italy 24/7","Prenota un medico che parla inglese a Firenze, Italia per visite in hotel, domicilio, telemedicina e supporto rapido multilingue."
"it/english-speaking-doctor-milan.html","Medico che Parla Inglese a Milano | Assistenza Privata | Doctor Italy 24/7","Prenota un medico che parla inglese a Milano, Italia per visite in hotel, domicilio, telemedicina e supporto rapido multilingue."
"it/first-aid-training-florence.html","Corso Primo Soccorso a Firenze | Formazione Aziendale Certificata | Doctor Italy 24/7","Formazione certificata di primo soccorso a Firenze per aziende e team hospitality con simulazioni pratiche di emergenza."
"it/first-aid-training-italy.html","Corsi di Primo Soccorso in Italia per Aziende | Certificati | Doctor Italy 24/7","Corsi certificati di primo soccorso in Italia per aziende, hotel, scuole ed eventi con simulazioni pratiche e aggiornamenti."
"it/first-aid-training-milan.html","Corso Primo Soccorso a Milano | Formazione Aziendale Certificata | Doctor Italy 24/7","Formazione certificata di primo soccorso a Milano per aziende e team hospitality con simulazioni pratiche di emergenza."
"it/home-doctor-italy.html","Visite Mediche a Domicilio e in Hotel in Italia | 24/7 | Doctor Italy 24/7","Prenota un medico privato per visite a domicilio e in hotel in Italia con risposta rapida, assistenza multilingue e continuita di cura."
"it/how-it-works.html","Come Funziona l Assistenza Medica Privata in Italia | Doctor Italy 24/7","Scopri come prenotare assistenza medica privata in Italia, dal primo contatto alla visita medica, telemedicina e follow-up."
"it/index.html","Medico Privato in Italia 24/7 | Firenze e Milano | Doctor Italy 24/7","Assistenza medica privata in Italia con visite mediche in hotel e a domicilio, telemedicina, diagnostica e supporto multilingue a Firenze e Milano."
"it/leave-review.html","Lascia una recensione | Doctor Italy 24/7","Condividi la tua esperienza con Doctor Italy 24/7. Le recensioni vengono moderate prima della pubblicazione."
"it/medical-certificates.html","Certificati Medici in Italia | Documentazione Sanitaria | Doctor Italy 24/7","Richiedi certificati medici e documentazione sanitaria in Italia con medici abilitati, rilascio rapido e supporto pratico."
"it/non-surgical-aesthetic-treatments-italy.html","Trattamenti Estetici Non Chirurgici in Italia | Medico | Doctor Italy 24/7","Valuta trattamenti estetici non chirurgici in Italia con guida medica, raccomandazioni personalizzate e sicurezza clinica."
"it/preventive-checkups.html","Check-up Preventivi in Italia | Medicina di Prevenzione | Doctor Italy 24/7","Pianifica check-up preventivi in Italia per monitorare la salute, individuare rischi precoci e ricevere indicazioni mediche personalizzate."
"it/regenerative-medicine-italy.html","Medicina Rigenerativa in Italia | Percorsi Medici Personalizzati | Doctor Italy 24/7","Scopri opzioni di medicina rigenerativa in Italia con valutazione medica, piano terapeutico personalizzato e continuita di cura."
"it/services.html","Servizi Medici in Italia | Medico Privato 24/7 | Doctor Italy 24/7","Scopri i servizi medici privati in Italia: visite urgenti, telemedicina, diagnostica, prevenzione e supporto multilingue per residenti e viaggiatori."
"it/telemedicine.html","Telemedicina in Italia | Consulti Medici Online | Doctor Italy 24/7","Accedi a consulti di telemedicina in Italia per sintomi non urgenti, follow-up e consigli medici con dottori multilingue."
"it/urgent-doctor-florence.html","Medico Urgente a Firenze | Assistenza Medica Privata Rapida | Doctor Italy 24/7","Richiedi un medico urgente privato a Firenze, Italia per triage rapido, visite in hotel e domicilio, telemedicina e follow-up coordinato."
"it/urgent-doctor-milan.html","Medico Urgente a Milano | Assistenza Medica Privata Rapida | Doctor Italy 24/7","Richiedi un medico urgente privato a Milano, Italia per triage rapido, visite in hotel e domicilio, telemedicina e follow-up coordinato."
"it/wellness-specialty.html","Benessere e Cure Specialistiche in Italia | Team Privato | Doctor Italy 24/7","Accedi a percorsi di benessere e cure specialistiche in Italia con consulenze coordinate e supporto personalizzato."
"fr/about.html","A Propos | Equipe Medicale Privee en Italie | Doctor Italy 24/7","Decouvrez notre equipe medicale privee en Italie et notre approche de soins fiables et multilingues."
"fr/aesthetic-consultation-italy.html","Consultation Esthetique en Italie | Evaluation Medicale | Doctor Italy 24/7","Reservez une consultation esthetique en Italie avec evaluation medicale, objectifs realistes et plan de traitement."
"fr/aesthetic-regenerative-medicine-italy.html","Medecine Esthetique et Regenerative en Italie | Approche Medicale | Doctor Italy 24/7","Accedez a des soins esthetiques et regeneratifs en Italie avec evaluation medicale, plan personnalise et suivi."
"fr/anti-aging-skin-rejuvenation-italy.html","Anti Age et Rajeunissement de la Peau en Italie | Doctor Italy 24/7","Decouvrez les traitements anti age et de rajeunissement cutane en Italie avec supervision medicale et protocoles personnalises."
"fr/book-a-visit.html","Reserver une Visite Medicale Privee en Italie | Confirmation Rapide | Doctor Italy 24/7","Reservez en ligne une visite medicale privee en Italie avec confirmation rapide pour domicile, hotel, telemedecine ou diagnostic."
"fr/contact.html","Contacter un Medecin Prive en Italie | Support 24/7 | Doctor Italy 24/7","Contactez Doctor Italy 24/7 pour une assistance medicale privee urgente en Italie par telephone, WhatsApp ou email."
"fr/diagnostic-testing.html","Diagnostic et Analyses en Italie | Support Medical Prive | Doctor Italy 24/7","Organisez vos tests diagnostiques en Italie avec accompagnement medical prive, interpretation claire et suivi."
"fr/doctor-florence.html","Medecin Prive a Florence | Visites Hotel et Domicile 24/7 | Doctor Italy 24/7","Medecin prive a Florence, Italie avec assistance urgente, visites hotel et domicile, telemedecine, diagnostic et support multilingue."
"fr/doctor-hotel-florence.html","Visite Medicale a l Hotel a Florence | Soins Prives | Doctor Italy 24/7","Organisez une visite de medecin prive a votre hotel a Florence, Italie avec assistance multilingue et coordination rapide."
"fr/doctor-hotel-milan.html","Visite Medicale a l Hotel a Milan | Soins Prives | Doctor Italy 24/7","Organisez une visite de medecin prive a votre hotel a Milan, Italie avec assistance multilingue et coordination rapide."
"fr/doctor-milan.html","Medecin Prive a Milan | Visites Hotel et Domicile 24/7 | Doctor Italy 24/7","Medecin prive a Milan, Italie avec assistance urgente, visites hotel et domicile, telemedecine, diagnostic et support multilingue."
"fr/english-speaking-doctor-florence.html","Medecin Anglophone a Florence | Soins Prives | Doctor Italy 24/7","Reservez un medecin anglophone a Florence, Italie pour visites hotel, domicile, telemedecine et assistance rapide multilingue."
"fr/english-speaking-doctor-milan.html","Medecin Anglophone a Milan | Soins Prives | Doctor Italy 24/7","Reservez un medecin anglophone a Milan, Italie pour visites hotel, domicile, telemedecine et assistance rapide multilingue."
"fr/first-aid-training-florence.html","Formation Premiers Secours a Florence | Cours Certifies | Doctor Italy 24/7","Formation certifiee de premiers secours a Florence pour entreprises et equipes hotellerie avec simulations pratiques."
"fr/first-aid-training-italy.html","Formation Premiers Secours en Italie pour Entreprises | Doctor Italy 24/7","Formations certifiees de premiers secours en Italie pour entreprises, hotels, ecoles et equipes evenementielles."
"fr/first-aid-training-milan.html","Formation Premiers Secours a Milan | Cours Certifies | Doctor Italy 24/7","Formation certifiee de premiers secours a Milan pour entreprises et equipes hotellerie avec simulations pratiques."
"fr/home-doctor-italy.html","Visites Medicales a Domicile et Hotel en Italie | 24/7 | Doctor Italy 24/7","Reservez un medecin prive pour des visites a domicile et a l hotel en Italie avec reponse rapide et assistance multilingue."
"fr/how-it-works.html","Comment Fonctionne l Assistance Medicale Privee en Italie | Doctor Italy 24/7","Decouvrez comment reserver des soins medicaux prives en Italie, du premier contact a la consultation et au suivi."
"fr/index.html","Medecin Prive en Italie 24/7 | Florence et Milan | Doctor Italy 24/7","Assistance medicale privee en Italie avec visites a domicile ou a l hotel, telemedecine, diagnostic et support multilingue a Florence et Milan."
"fr/leave-review.html","Laisser un avis | Doctor Italy 24/7","Partagez votre experience avec Doctor Italy 24/7. Les avis sont moderes avant publication."
"fr/medical-certificates.html","Certificats Medicaux en Italie | Documents Medicaux | Doctor Italy 24/7","Demandez des certificats medicaux en Italie aupres de medecins agrees avec emission rapide et assistance pratique."
"fr/non-surgical-aesthetic-treatments-italy.html","Traitements Esthetiques Non Chirurgicaux en Italie | Doctor Italy 24/7","Decouvrez les traitements esthetiques non chirurgicaux en Italie avec orientation medicale et recommandations personnalisees."
"fr/preventive-checkups.html","Bilans Preventifs en Italie | Medecine Preventive | Doctor Italy 24/7","Planifiez des bilans preventifs en Italie pour surveiller votre sante, detecter les risques precoces et obtenir des conseils personnalises."
"fr/regenerative-medicine-italy.html","Medecine Regenerative en Italie | Plans Medicaux Personnalises | Doctor Italy 24/7","Decouvrez la medecine regenerative en Italie avec evaluation medicale, plan personnalise et suivi clinique."
"fr/services.html","Services Medicaux en Italie | Medecin Prive 24/7 | Doctor Italy 24/7","Decouvrez les services medicaux prives en Italie: visites urgentes, telemedecine, diagnostic, prevention et assistance multilingue."
"fr/telemedicine.html","Telemedecine en Italie | Consultations Medicales en Ligne | Doctor Italy 24/7","Obtenez des consultations de telemedecine en Italie pour symptomes non urgents, suivi et conseils medicaux avec medecins multilingues."
"fr/urgent-doctor-florence.html","Medecin Urgent a Florence | Assistance Medicale Rapide | Doctor Italy 24/7","Demandez un medecin prive urgent a Florence, Italie pour tri rapide, visites hotel et domicile, telemedecine et suivi coordonne."
"fr/urgent-doctor-milan.html","Medecin Urgent a Milan | Assistance Medicale Rapide | Doctor Italy 24/7","Demandez un medecin prive urgent a Milan, Italie pour tri rapide, visites hotel et domicile, telemedecine et suivi coordonne."
"fr/wellness-specialty.html","Bien Etre et Soins Specialises en Italie | Equipe Privee | Doctor Italy 24/7","Accedez a des parcours bien etre et soins specialises en Italie avec consultations coordonnees et accompagnement personnalise."
"es/about.html","Sobre Nosotros | Equipo Medico Privado en Italia | Doctor Italy 24/7","Conoce a nuestro equipo medico privado en Italia y nuestro enfoque de atencion fiable y multilingue."
"es/aesthetic-consultation-italy.html","Consulta Estetica en Italia | Evaluacion Medica | Doctor Italy 24/7","Reserva una consulta estetica en Italia con evaluacion medica, objetivos realistas y plan terapeutico seguro."
"es/aesthetic-regenerative-medicine-italy.html","Medicina Estetica y Regenerativa en Italia | Enfoque Medico | Doctor Italy 24/7","Accede a medicina estetica y regenerativa en Italia con evaluacion medica, plan personalizado y seguimiento."
"es/anti-aging-skin-rejuvenation-italy.html","Anti Age y Rejuvenecimiento de Piel en Italia | Doctor Italy 24/7","Descubre tratamientos anti age y rejuvenecimiento de piel en Italia con supervision medica y protocolos personalizados."
"es/book-a-visit.html","Reservar Visita Medica Privada en Italia | Confirmacion Rapida | Doctor Italy 24/7","Reserva en linea una visita medica privada en Italia y recibe confirmacion rapida para domicilio, hotel, telemedicina o diagnostico."
"es/contact.html","Contacto Medico Privado en Italia | Soporte 24/7 | Doctor Italy 24/7","Contacta con Doctor Italy 24/7 para asistencia medica privada urgente en Italia por telefono, WhatsApp o correo electronico."
"es/diagnostic-testing.html","Diagnostico y Analisis en Italia | Soporte Medico Privado | Doctor Italy 24/7","Organiza pruebas diagnosticas en Italia con orientacion medica privada, interpretacion clara y plan de seguimiento."
"es/doctor-florence.html","Medico Privado en Florencia | Visitas a Domicilio y Hotel 24/7 | Doctor Italy 24/7","Medico privado en Florencia, Italia con soporte urgente, visitas a domicilio y hotel, telemedicina, diagnostico y asistencia multilingue."
"es/doctor-hotel-florence.html","Visita Medica a tu Hotel en Florencia | Atencion Privada | Doctor Italy 24/7","Organiza una visita medica privada en tu hotel en Florencia, Italia con soporte multilingue y coordinacion rapida."
"es/doctor-hotel-milan.html","Visita Medica a tu Hotel en Milan | Atencion Privada | Doctor Italy 24/7","Organiza una visita medica privada en tu hotel en Milan, Italia con soporte multilingue y coordinacion rapida."
"es/doctor-milan.html","Medico Privado en Milan | Visitas a Domicilio y Hotel 24/7 | Doctor Italy 24/7","Medico privado en Milan, Italia con soporte urgente, visitas a domicilio y hotel, telemedicina, diagnostico y asistencia multilingue."
"es/english-speaking-doctor-florence.html","Medico que Habla Ingles en Florencia | Atencion Privada | Doctor Italy 24/7","Reserva un medico que habla ingles en Florencia, Italia para visitas en hotel, domicilio, telemedicina y soporte rapido multilingue."
"es/english-speaking-doctor-milan.html","Medico que Habla Ingles en Milan | Atencion Privada | Doctor Italy 24/7","Reserva un medico que habla ingles en Milan, Italia para visitas en hotel, domicilio, telemedicina y soporte rapido multilingue."
"es/first-aid-training-florence.html","Primeros Auxilios en Florencia | Cursos Certificados para Empresas | Doctor Italy 24/7","Formacion certificada de primeros auxilios en Florencia para empresas y equipos hoteleros con simulaciones practicas."
"es/first-aid-training-italy.html","Formacion de Primeros Auxilios en Italia para Empresas | Doctor Italy 24/7","Formacion certificada de primeros auxilios en Italia para empresas, hoteles, escuelas y equipos de eventos."
"es/first-aid-training-milan.html","Primeros Auxilios en Milan | Cursos Certificados para Empresas | Doctor Italy 24/7","Formacion certificada de primeros auxilios en Milan para empresas y equipos hoteleros con simulaciones practicas."
"es/home-doctor-italy.html","Visitas Medicas a Domicilio y Hotel en Italia | 24/7 | Doctor Italy 24/7","Reserva un medico privado para visitas a domicilio y hotel en Italia con respuesta rapida, asistencia multilingue y seguimiento medico."
"es/how-it-works.html","Como Funciona la Asistencia Medica Privada en Italia | Doctor Italy 24/7","Descubre como reservar asistencia medica privada en Italia, desde el primer contacto hasta la consulta y el seguimiento."
"es/index.html","Medico Privado en Italia 24/7 | Florencia y Milan | Doctor Italy 24/7","Asistencia medica privada en Italia con visitas medicas a domicilio u hotel, telemedicina, diagnostico y soporte multilingue en Florencia y Milan."
"es/leave-review.html","Dejar una resena | Doctor Italy 24/7","Comparte tu experiencia con Doctor Italy 24/7. Las resenas se moderan antes de publicarse."
"es/medical-certificates.html","Certificados Medicos en Italia | Documentacion Medica | Doctor Italy 24/7","Solicita certificados medicos y documentacion sanitaria en Italia con medicos autorizados y emision rapida."
"es/non-surgical-aesthetic-treatments-italy.html","Tratamientos Esteticos No Quirurgicos en Italia | Doctor Italy 24/7","Conoce tratamientos esteticos no quirurgicos en Italia con orientacion medica, recomendaciones personalizadas y seguridad clinica."
"es/preventive-checkups.html","Chequeos Preventivos en Italia | Medicina Preventiva | Doctor Italy 24/7","Planifica chequeos preventivos en Italia para controlar tu salud, detectar riesgos tempranos y recibir orientacion personalizada."
"es/regenerative-medicine-italy.html","Medicina Regenerativa en Italia | Planes Medicos Personalizados | Doctor Italy 24/7","Descubre opciones de medicina regenerativa en Italia con evaluacion medica, plan personalizado y seguimiento clinico."
"es/services.html","Servicios Medicos en Italia | Medico Privado 24/7 | Doctor Italy 24/7","Descubre los servicios medicos privados en Italia: visitas urgentes, telemedicina, diagnostico, prevencion y asistencia multilingue."
"es/telemedicine.html","Telemedicina en Italia | Consultas Medicas Online | Doctor Italy 24/7","Accede a consultas de telemedicina en Italia para sintomas no urgentes, seguimientos y consejos medicos con doctores multilingues."
"es/urgent-doctor-florence.html","Medico Urgente en Florencia | Asistencia Medica Rapida | Doctor Italy 24/7","Solicita un medico privado urgente en Florencia, Italia para triaje rapido, visitas hotel y domicilio, telemedicina y seguimiento coordinado."
"es/urgent-doctor-milan.html","Medico Urgente en Milan | Asistencia Medica Rapida | Doctor Italy 24/7","Solicita un medico privado urgente en Milan, Italia para triaje rapido, visitas hotel y domicilio, telemedicina y seguimiento coordinado."
"es/wellness-specialty.html","Bienestar y Cuidados Especializados en Italia | Equipo Privado | Doctor Italy 24/7","Accede a bienestar y cuidados especializados en Italia con consultas coordinadas y soporte medico personalizado."